Code ;WD;THK;LA.wp;SLA.wp;LP.mass;MAXHT;sproutADEPAV;0.60277991;152.4444444;1233.654518;150.8393019;0.638229929;6.5;0ADERIC;0.817326947;136.6666667;23.93057147;138.3520253;0.968180615;4;0AESAME;0.454926853;NA;8.344;201.0293333;NA;3;NAAIPMIN;NA;192.1111111;45.22604067;174.0977514;1;8;0ALCFLO;0.43542189;NA;70.06228571;266.9642857;NA;17;0ALCLAT;0.430138969;179.302682;179.2952453;163.8239611;0.891781982;27;0.00403225806451613ALLCRA;0.881489862;207.25;16.15970792;118.3069046;0.943896817;8;0.11ALLRAC;0.686336981;204.2888889;235.0207448;242.4582029;0.903525848;8;0.0769230769230769AMYELE;0.911156945;225.6262626;27.46144804;74.89156875;0.937483831;8;0.0361963190184049ANDINE;0.738835596;161.9027778;385.2892141;189.8808778;0.846926364;28;0.0246913580246914ANTOBT;0.620140631;NA;92.01736842;165.4773684;NA;13;NAARDGLA;0.5485072;541.037037;230.847;59.0405;0.95318434;7;0ARDLUQ;0.455;NA;16.88428571;58.35125;NA;NA;NAARDOBO;0.805142717;395.9377778;50.95726004;71.55747892;0.960774657;12;0.0222672064777328ARTALT;0.44683506;288;713.6953333;196.8713333;0.960838234;16;0.125BADPEN;0.961802083;505.5111111;2.396346125;44.33559746;0.990843941;8;0BEIPEN;NA;NA;51.46;144.58;NA;25;NABOUSUC;0.749497768;281.025641;23.06091297;114.0318324;0.955071923;10;0.050251256281407BOUVIR;0.804041863;290.5555556;10.83866897;80.43109454;0.965205998;15;0.0434782608695652BRUPOR;NA;NA;21.21;201.39;NA;3;NABUCBUC;0.935231475;247.9583333;10.99841035;91.6496375;0.944458315;25;0.0289855072463768BUCTET;0.668729366;195.3111111;22.89388163;241.1821938;0.950000506;30;0BURSIM;0.408846119;207.8647343;100.3336848;136.2139871;0.86919852;21;0.00371747211895911BYRSPI;0.676861271;164.2777778;20.99652813;218.7030325;0.963131113;28;0BYRWAD;0.587397089;286.2777778;27.7614592;87.52933138;0.957881098;19;0CALANT;0.669935491;283.9444444;73.44218385;133.6142177;0.949132422;35;0.00823723228995058CALKRU;0.7178933;352.8333333;6.710427652;57.01176511;0.965501565;7;0CANWIN;0.928565167;308.4222222;23.04160417;98.31495525;0.957647409;7;0CASARB;0.664983974;181.6919192;19.02270949;177.3661477;0.976578564;28;0.0311850311850312CASDEC;0.77967418;122.9;14.42690396;258.3533886;0.977726104;10;0.0317460317460317CASELA;0.291154684;191;416.1735704;264.0514617;0.972250529;2;0CASGUI;0.807814077;148.0222222;44.17648438;191.0552082;0.977174735;15;0.1CASSYL;0.673697322;167.2222222;59.75374673;149.3326007;0.972932757;12;0.0414634146341463CECSCH;0.299201722;267.0864198;1748.526657;147.1927964;0.810840407;25;0.0411522633744856CEIPEN;0.303049231;NA;364.39;343.49;NA;35;0CESMAC;0.734914919;356.6666667;62.73823977;155.8040502;0.961997956;4.5;0.1CHICOM;0.951827984;203.6666667;18.41252885;162.8928828;0.955367714;13;0.333333333333333CHIDOM;0.86194604;213.0555556;81.7644631;139.418911;0.946792192;23;0CHIVEN;0.727326146;250.3518518;25.30916543;152.6668617;0.957797661;17;1CHRARG;0.789692307;203.3968254;49.6208973;181.7288127;0.953905846;24;0.12962962962963CHRPAU;0.921634964;235.5396825;19.91613246;125.3371306;0.967227006;12;0.25CINELO;0.583127077;NA;28.63933333;185.214;NA;33;NACINMON;0.504555451;159.9814815;24.34180101;155.7895246;0.973871534;22;0.032258064516129CITCAU;0.638421219;NA;40.714;190.7593333;NA;NA;NACITPAR;0.558168927;217.6666667;38.19553136;117.883331;0.977933815;5.5;0CITSPI;0.676332689;326.537037;41.24392728;167.8403222;0.95792571;19;0.0634920634920635CLIEGG;0.545223463;NA;20.83933333;276.3146667;NA;7;0CLIERO;0.322264307;NA;191.962;272.8855;NA;7;NACLUCLU;0.586571429;NA;113.045;34.18;NA;NA;NACLUROS;0.75942992;849.1666667;110.2829417;25.7345768;0.935244917;25;0.0289855072463768COCBAR;0.290042453;224.5555556;167.1007922;82.00678798;0.990007341;11;0COCCOS;0.864340236;454.2654321;59.29547834;55.14700783;0.969775224;12;0.162303664921466COCDIV;0.8267833;217.4962963;39.83395009;92.83507283;0.949815315;17;0.102306920762287COCKRU;0.803922597;379.9259259;12.44092375;58.01309286;0.971392633;4.5;1.74193548387097COCMIC;0.816958416;329.9555556;8.745896136;68.83623612;0.969860879;9;0.170454545454545COCPUB;0.867839849;500.0833333;955.8042985;73.1111409;0.96204811;20;0.102803738317757COCPYR;0.673755982;287.0833333;43.38516505;84.26827248;0.968616782;7;0.307692307692308COCRUG;0.761756787;381.2555556;1372.782125;37.06288892;1;15;NACOCSIN;0.702789775;389.437037;146.9088072;53.35981401;0.942676569;7;1COCSWA;0.679182085;388.3671498;82.43277682;77.3510137;0.943382429;18;0.130177514792899COCTEN;0.829182362;269.0555556;163.0788318;114.1938529;0.960353596;8;NACOCUVI;0.73846227;461.8555556;221.1803612;66.32024873;0.961375623;7;NACOFARA;0.666733771;221.0888889;64.53527408;174.0544276;0.94981908;7;0.0137795275590551COJARB;0.570324627;143.5555556;163.7024129;76.44635155;0.720887102;4.5;0COLARB;0.870159995;247.4444444;59.44033843;85.89715348;0.973315484;13;0.395348837209302COLELL;0.961254783;451.2666667;13.11389646;59.30892292;0.957837806;4;0.5COMDOD;0.837742465;206.2888889;37.86846615;70.45138402;0.831168697;6.5;0.487179487179487COMGLA;0.761581055;126.5111111;17.27466667;215.248;0.824136724;8;0.0281124497991968CORALL;0.575902847;215.3777778;44.30237826;139.9719926;0.9498372;5;0CORBOR;0.67017749;306.8888889;132.9286248;165.0167243;0.942918981;11;0CORLAE;0.480277102;188.3333333;48.5093526;135.3438543;0.956386857;4.5;0CORSUL;0.559581852;392.1111111;521.5051323;100.6058064;0.965768348;25;0CRODIS;0.81185092;434.8666667;3.054220095;71.48320358;0.929094014;3;0CROFLA;0.961319898;239.5185185;20.85813246;181.4611097;0.892838329;5;0CROGLA;1.013311549;218.4444444;9.737378722;127.4110407;0.880678496;3.5;0.00290697674418605CROPOE;0.582214219;576.4666667;121.483871;142.2883871;0.90343256;13;0CRORHA;0.939303595;427.4333333;3.262155752;52.73491254;0.991661414;4;0.465116279069767CSSGUI;0.765860106;206.6041667;28.68842327;165.102972;0.972819192;10;0CUPAME;0.5025;NA;315.41;135.16;NA;17;0CYNHAS;0.828205188;483.7111111;43.91378768;39.17742011;0.966115052;6;0.225352112676056CYRRAC;0.580838172;317.7333333;21.0238919;77.74172343;0.925125512;13;0DACEXC;0.507989783;218.5299145;529.1321962;129.5060676;0.850529993;28;0DAPPHI;0.356617351;335.4555556;32.65501234;125.916548;0.965898887;5;0.00552486187845304DENARB;0.46467937;217.5132275;70.2859667;214.652433;0.899611016;30;0.00947867298578199DENLAU;0.39725;NA;82.314;124.328;NA;NA;NADIOSIN;0.738020991;242.5111111;40.8870516;103.924859;0.964421066;9;0.2DITMYR;0.42522894;313.6888889;11.65797669;106.0222993;0.968174688;9;0DRYALB;0.726896355;199.7777778;39.34479947;131.0802932;0.982832772;14;0DRYGLA;0.694962363;217.3111111;56.79770966;139.6844093;0.955775254;17;0.1328125DRYLAT;0.936879601;159.7777778;20.82713368;105.6074091;0.955610416;4;0ELAXYL;0.905063548;496.4305556;4.691587417;36.39572698;0.971836058;4.5;0.170731707317073ERIFRU;1.023628308;502.6777778;13.86739497;48.60143284;0.955733027;3.5;0ERYARE;0.930545126;213.4567901;14.26529182;116.1929091;0.968664769;8;0.0333333333333333ERYBRE;0.849764475;137.1777778;3.84386116;253.7316667;0.955691813;6;0ERYPOE;0.324989708;124.2222222;502.1049163;379.2501888;0.790711055;24;0ERYROT;0.984493196;224.2222222;1.181258257;97.59893309;0.949762105;6;0.142857142857143ERYRUF;0.950822015;194.7111111;40.58090844;166.9023945;0.96557773;3;0EUDDOM;NA;NA;14.42;229.67;NA;NA;NAEUGAXI;0.888336743;289.6222222;15.56126218;81.26648576;0.963045776;6;0EUGBIF;0.805339482;250.6444444;7.268658704;100.5496554;0.96615526;18;0.043859649122807EUGBOR;0.4665;NA;103.554;55.611;NA;NA;NAEUGDOM;0.564446579;247.4166667;42.17733333;95.314;0.938170947;20;0EUGEGG;0.672226716;NA;36.84157895;185.5536842;NA;7;NAEUGFOE;0.940811223;272.948718;4.792203905;86.0395185;0.959892521;14;0.12218045112782EUGLIG;1.01784157;261.3111111;4.456037929;83.21975984;0.965586819;3;2.94444444444444EUGLIN;1.131927243;252.3333333;3.630901443;67.38492953;NA;NA;NAEUGMON;0.858228983;200.6720867;2.900834804;106.903796;0.962957682;19;0.00710900473933649EUGPAD;NA;387.0555556;32.65742622;112.8289778;0.962213311;5.5;0EUGPSE;0.911617723;215.4848485;27.34892411;105.6434169;0.966268167;9;0.043859649122807EUGRHO;0.939445443;294.7888889;8.381956101;64.02254137;0.974569866;6;0.255072463768116EUGSTA;0.728793857;384.9;49.72505251;85.74476574;0.96240301;23;0.00337837837837838EXOCAR;0.933805399;230.6464647;6.214811063;86.3030788;0.941699614;11;0.0172117039586919EXOPAN;0.737322109;131.8194445;57.96796526;162.4232733;0.952779365;14;0.0144927536231884FAROCC;0.738158583;181.3407407;53.92664422;198.5756813;0.960071082;9;0.0077120822622108FICAME;0.486519806;215.0555556;53.79085778;126.1857886;0.960614853;17;0FICCIT;0.490161223;260.3827161;41.90101412;126.6175776;0.947092308;28;0.117647058823529FICCRA;0.42;NA;44.1;101.8;NA;20;NAFLUACI;0.630913195;404.4888889;0.655976702;44.83197239;0.977025176;NA;NAFORSEG;0.747903773;331.6888889;1.191740872;72.91821353;0.974688018;6;0.571428571428571GARPOR;0.860291667;418.1555556;28.97146016;65.96088047;0.95208259;8;0GAUATT;0.160961377;198.4444445;86.4147816;183.2369273;1;18;0GENAME;0.626962069;NA;114.79;160.09;NA;20;NAGESPED;0.744258131;299.7111111;31.62403286;150.555304;0.933160241;5;0.0377358490566038GONSPI;0.695505321;NA;159.4506667;1303.648;NA;6;NAGUABLA;0.630529512;273.2777778;15.99557038;114.0439278;0.965968625;18;0GUACAR;0.67859854;305.75;23.33428196;109.5496751;0.962677691;NA;0GUAFRA;0.628042363;317.4285714;25.32756662;124.6362122;0.962296664;22.5;0.00740740740740741GUAGLA;0.570363918;207.0296296;367.6059505;153.7631088;0.866749712;12;0.0802752293577982GUAGUI;0.603745926;188.5873016;632.6101539;221.7594176;0.796099155;20;0.00943396226415094GUAOBT;0.659363774;245.7037037;82.56342337;124.8797467;0.957644023;4.5;0.0833333333333333GUAOFF;1.021323866;254.9222222;36.70473203;64.75539077;0.943834745;7;0GUASAN;0.952193579;201.2083333;14.03463595;77.7912531;0.895552443;2;0GUAULM;0.525926316;NA;42.69;322.09;NA;17;NAGUEELL;0.908929778;221.1222222;6.119206652;131.2805784;0.96085503;7;0.909385113268608GUEOVA;0.713895038;174.7777778;47.2898828;202.675005;0.94247659;10;0GUESCA;0.829841831;399.1616162;26.1900392;102.583055;0.955789546;14;0.128205128205128GUEVAL;0.604209748;421.6111111;86.13864724;90.23123049;0.928772548;22;0GUTCAR;0.594418342;NA;123.8513333;254.7066667;NA;8;0GYMLAT;0.862964727;350.5777778;6.320925642;80.30804239;0.979471251;12;0.08GYMLUC;0.923566003;237.236715;14.39291113;94.44891167;0.949271718;14;0.0482536764705882HAESAL;0.581744373;402.6666667;9.587615762;106.0337309;0.954899981;NA;NAHAMAXI;0.617386931;NA;34.58133333;223.3773333;NA;10;NAHEDARB;0.407625;NA;39.718;173.467;NA;2.5;0HELJAM;0.807694796;276.3492064;98.06386984;119.1847257;0.947218099;5.5;0.0421052631578947HENFAS;0.47443242;188.5555556;28.77933333;280.3733333;0.92833056;3;0HENMAC;0.575499409;196.6666667;33.9067605;192.6020724;0.935540829;5;0HENSQU;0.727746374;280.0598291;22.86491239;126.3955792;0.923551244;16;0.00775193798449612HIBTIL;0.435488973;NA;113.4033333;203.5993333;NA;7;NAHIECLU;0.766104499;300.9111111;64.4671664;115.0225629;0.920745326;18;0HIRRUG;0.856089422;212.6222222;19.07064454;124.9520373;0.971931983;9;0HOMRAC;0.790200521;187.9555556;35.3446682;226.0411287;0.980158935;30;0HYPTRI;1.028529859;310.4444444;8.701129903;54.73865275;0.936918774;6;0ILENIT;0.655514127;259.2698413;48.32122012;126.0084656;0.973627647;17;0ILESID;0.772795015;NA;18.70666667;180.1566667;NA;3;0INGLAU;0.679611516;220.5111111;206.1755368;141.7319236;0.929448237;28;0.00561797752808989INGVER;0.605008315;173.4920635;523.3424;242.7776;0.855353039;9;0IXOFER;0.697065875;230.0740741;68.4412724;137.0760111;0.962668766;9;0JATHER;0.467624435;165.4444444;173.11618;324.1464446;0.855462269;4;0KRUFER;0.957352001;170.1014493;13.66621734;117.8833885;0.972778578;17;0.0752269779507134LAEPRO;0.666998579;NA;128.0608;302.43;NA;30;0LANCAM;0.915896948;434.0222222;3.350265015;88.75113465;0.945149139;3.5;0.129032258064516LASLAN;0.472625;NA;60.414;164.881;NA;NA;NALEULEU;0.687443655;147.5111111;59.03898181;109.7780581;0.791670878;9;0.0114068441064639LICBRI;0.562043713;148.6666667;34.84209848;146.8035856;0.962239564;25;0.0588235294117647LICPAR;0.780449774;252.0888889;16.2295638;80.26022878;0.959012467;19;0.352769679300292LOBPOR;0.5105;NA;47.986;149.112;NA;NA;NALONGLA;0.80414719;234.7948718;84.5287233;94.15122388;0.885539382;18;0.430939226519337LONHEP;0.685125371;NA;192.71;144.06;NA;10;NALUDOCT;0.44490606;NA;24.51733333;209.5946667;NA;NA;NAMACPOR;0.909860211;148.2666667;0.752757741;144.8458491;0.992201152;5;0MAGPOR;0.625100991;258.8444444;79.69494271;100.5107411;0.945219618;15;0MAGSPL;0.469333333;NA;109.2609091;106.7272727;NA;25;NAMALFUC;0.581113762;NA;70.40733333;126.6053333;NA;5;NAMAMAME;0.789289012;378.5555556;100.8260137;76.09275534;0.956123155;17;0MANBID;0.839466604;268.0808081;150.4347989;93.17410025;0.930091126;12;0MANIND;0.576040704;181.1555556;283.4946667;125.7686667;0.899720325;18;0MARNOB;0.533196408;NA;76.37333333;156.216;NA;13;NAMATDOM;0.735805517;260.8888889;33.7343887;71.79409939;0.880636631;28;0.0680272108843537MAYELO;0.748879561;NA;27.24625;103.944375;NA;3;NAMECLAT;0.687666667;NA;41.47;172.274;NA;5;0MELHER;0.485808211;246.6944445;210.465627;158.1109369;0.943564686;20;0MICGAR;NA;498.6444444;41.12332517;65.94702985;0.94837594;17;0MICGUY;0.764370669;331.5755556;32.87008458;69.45061381;0.95281997;25;0.0181368507831822MICIMP;0.758613667;213.5833333;210.3095;195.8715;1;4.5;0MICLAE;0.483406458;NA;26.38;188.8626667;NA;3;0MICMIR;0.595931942;248.1666667;34.34466667;123.8166667;0.905303176;12;0MICPAC;0.687583333;NA;44.74133333;118.1053333;NA;NA;NAMICPRA;0.661806593;168.6666667;58.25319992;156.3868944;0.936352174;9;0MICRAC;0.437214564;169.030303;100.444;226.4932;0.922602095;10;0MICSIN;0.436916667;NA;73.47866667;96.80666667;NA;NA;NAMICTET;0.660691633;211.9494949;108.4375829;132.2611611;0.91958316;21;0MIMPUD;0.622;NA;8.99;250.2;NA;5;NAMIRGAR;0.716565853;NA;NA;NA;NA;NA;NAMOSXER;0.804036265;270.6805556;13.74171065;70.3993454;0.968479345;5;1MOUHEL;1.036882172;344.9444445;6.110736764;84.03922928;0.959921387;11;0MYRAMA;0.808737351;199.9333333;32.88439467;179.0231057;0.972802995;8;0MYRCOR;0.652871088;264.5555555;17.20402082;110.0151224;0.931565657;17;0MYRDEF;0.807127193;248.6611111;65.49730504;112.9646487;0.959701438;18;0.0188679245283019MYRFAL;0.880047628;200.8888889;37.08876711;140.7603147;0.964536965;19;0MYRGUI;NA;227.2222222;3.897098716;144.113539;0.965282553;15;0MYRSPL;0.744340679;151.0555556;25.46828961;382.8177427;0.96144332;4;0NECCOR;0.717952139;209.6919192;30.52515694;94.92088448;0.966131037;34;0.0909090909090909NECHIH;0.397534021;NA;77.408;128.3326667;NA;30;NANECTUR;0.589532282;188;153.3279143;138.220474;0.976828969;8;0NEEBUX;0.728870713;267.4722222;1.333166523;172.6094762;0.962859689;6;0.0746753246753247NEORES;0.724916164;178.5019157;18.36578831;114.5565616;0.959338708;21;0.00806451612903226OCHPYR;0.165925641;NA;169.6;225.56;NA;27;NAOCOCUN;0.510758563;216.7037037;97.16508962;90.42509734;0.950223827;6;0OCOFLO;0.424580988;NA;113.1373333;157.0726667;NA;20;NAOCOLEU;0.499727496;218.7154472;166.1296835;123.1518399;0.957814776;30;0.0174002047082907OCOMOS;0.593777035;NA;91.17666667;66.76066667;NA;27;NAOCOPOR;0.594741598;NA;65.24133333;113.228;NA;17;NAOCOSPA;0.61396144;376.9444444;44.0659329;73.55309611;0.97474102;10;0.411764705882353ORMKRU;0.516591536;180.1333333;1402.33764;167.3877816;0.777147008;28;0.0697674418604651OTTRHO;NA;330.3333333;46.53366373;71.33140803;0.963616009;8;0OXALAU;0.593823462;NA;108.4206667;213.754;NA;10;0PALRIP;0.475268182;127.6944444;76.14909091;253.1822727;0.910643797;5;0PERAME;0.530551645;162;90.44101596;170.6231186;0.941919858;21;0PETDOM;0.604667297;462.3333333;69.35331918;87.40845815;0.891047211;25;0PICACU;0.990253994;253.5277778;19.86112488;99.91767447;0.869528349;10;0.0588235294117647PICPEN;0.9807088;186.5;161.9744972;124.4783968;0.864324433;8;0PIMRAC;0.958278813;354.1851852;22.26959603;55.18908896;0.963166202;8;0PIPADU;0.548162288;NA;38.55133333;185.006;NA;7;NAPIPAMA;NA;150.6111111;56.12189581;271.6523181;0.931751965;5;0.0731707317073171PIPBLA;0.45785977;183.1759259;47.03291667;270.9554167;0.956269025;2;0PIPGLA;0.351054502;191.9777778;131.3421053;296.9836842;0.960453211;5;0PIPHIS;0.384120229;NA;116.004;342.15;NA;7;NAPISALB;0.595706282;270.6666667;26.19749321;109.5637403;0.941487072;3;0PISSUB;0.521259838;NA;145.34;138.42;NA;17;NAPISTAI;0.747546874;223.5555556;45.28427095;143.6080989;0.932740896;21;0PITUNG;0.937801719;191.7777778;10.42350886;101.114154;0.965653553;8;0.782485875706215PLEMAC;0.628;NA;104.52;157.25;NA;20;NAPLUALB;0.495394562;470.8;70.72504087;50.55852892;0.930756782;9;0PLUOBT;0.532799342;238.7777778;49.96721869;227.0050419;0.958197984;3.5;0PLUSYM;0.5822;NA;168.23;201.53;NA;10;NAPOIFLO;0.875470216;202.3888889;7.41175887;126.1967688;0.861573757;14;0.171875POTUMB;0.300374991;NA;381.4126667;369.7773333;NA;2;NAPOUDIC;0.885627236;234.5185185;38.90802461;124.7328892;0.937867058;25;0POUMUL;0.820799137;191.962963;171.3426458;105.6834608;0.949242141;14;0PREMON;0.308658766;NA;55241.01067;174.4793333;NA;23;0PRUMYR;0.915410877;161.1944444;22.23997487;143.0545095;0.965591975;8.5;0.125PSESPU;0.690606911;148.962963;41.23085309;170.6363223;0.978492737;19;0.00802139037433155PSIAMP;0.868829502;294.3703704;44.94817458;70.12547143;0.993263141;6;0PSYBER;0.468008213;189.8395062;161.1968341;346.6437271;0.928332308;9;0PSYBRA;0.418549807;262.9111111;75.7;325.123;0.948295672;5;0PSYDEF;0.418963208;144.3333333;25.37266667;198.168;0.9647918;3;NAPSYGRA;0.325769462;126.8222222;195.9793802;196.1266613;0.948251702;17;0PSYMAL;0.38;NA;28.61866667;236.9306667;NA;NA;NAPTEOFF;0.358250604;153.1111111;572.5206667;247.0326667;0.821177409;30;0QUACYN;0.914228459;302.6666667;17.5153121;48.21396184;0.92927017;6;0QUAIND;0.744333565;266.3888889;19.34684572;76.35501008;0.953560781;5;0.166666666666667QUATUR;0.591129426;152.5555555;101.3003715;182.3588953;0.966591335;10;0.00446428571428571RANACU;0.981954371;198.9920635;4.859957305;134.3271019;0.984094824;6.5;0RAUNIT;0.465;NA;22.81;457.95;NA;7;0REYKRU;1.016846855;211.5555556;40.81507101;108.5667656;0.963887955;5;0REYUNC;1.022220268;305.2222222;1.786479783;52.36390189;0.981016096;NA;NAREYVIV;1.014792494;393.8765432;12.82328236;45.83918662;0.97459846;8;0.8ROCACA;0.927591145;202.7222222;1.385829067;102.0599372;0.971178479;4;0RONINE;0.778105128;290.3;14.82239832;111.2521323;0.960530934;5;0.497175141242938RONPOR;0.780191659;NA;36.14;185.9493333;NA;19;0.5ROYBOR;0.739967091;NA;60383.37667;121.1626667;NA;17;0SAMDOD;0.8004896;216.8148148;29.9330665;123.39608;0.97560518;6.5;0.236220472440945SAMSPI;0.77927475;NA;64.33;231.4566667;NA;8;0SAPLAU;0.469707152;271.8730159;74.19376109;277.3738731;0.925136947;24;0SCHFRU;0.942216616;238.4343434;8.222583301;114.0863914;0.994408903;7;0.105769230769231SCHMOR;0.401807862;261;2572.314077;221.0996571;0.747733333;28;0SCHOBO;0.579912997;328.4444444;4.360751307;67.13341067;NA;5;0SIDOBO;0.96354011;292.5666667;6.228935831;74.01574953;0.95647467;9;0.0869565217391304SIDPOR;0.692060778;145;82.77375505;191.5590579;0.956051731;30;0.00961538461538462SIDSAL;0.842611793;205.662037;21.79261586;101.5564497;0.951119496;25;0.0330578512396694SIMAMA;0.415;NA;521.79;205.622;NA;NA;NASIMGLA;0.433780888;NA;321.6466667;178.516;NA;33;0SIMTUL;0.556786059;353;97.97417806;96.29736925;0.824627333;13;0SLOAMY;0.784991099;133.2222222;114.2998069;134.3430704;0.91925284;12;0SLOBER;0.800125551;190.2751323;225.3026563;114.0951604;0.92277855;23;0.0111111111111111SPACAM;0.335362879;195.5555556;610.5010117;236.6200677;0.758590643;5;0STEACU;0.912692111;292.6349206;3.819244983;87.62080057;0.939329958;NA;NASTEOBT;0.783611848;352.7222222;38.2712116;74.52140836;0.973763129;7;0SWIMAC;0.519537267;130.3636364;763.3712;242.5484;0.786303109;18;0SWIMAH;0.634753756;207.5555555;51.86028336;112.6847687;0.830600805;20;0SYMMAR;0.663532699;168.3611111;172.51425;148.15624;0.965737832;15;0SYMSP?;0.642625;NA;26.391;76.787;NA;NA;NASYZJAM;0.637763796;266.2619048;40.11330919;88.58468594;0.957707746;18;0.0865384615384615TABCIT;0.553789665;239.2888889;66.46687063;246.1738461;0.947092559;5;0TABHET;0.786032932;337.3744856;145.135622;117.5806975;0.899007782;12;0.130952380952381TABRIG;0.693625;NA;147.368;121.817;NA;NA;NATABSCH;0.741305248;417.7555556;116.0440083;73.14735248;0.949726675;20;0TAMIND;0.812380723;170.3777778;16.60643373;191.4504112;0.854554765;11;0TETBAL;0.551419671;169.7222222;604.2189239;127.196777;0.82215504;13;0TETELA;0.754444614;329.3518519;13.66108362;109.7905793;0.960337257;14;0THECAC;0.398;NA;342.246;247.928;NA;NA;NATHOPOR;1.038513863;397.6;27.10284074;73.53192808;0.942329096;7;1.18961625282167THOSTR;0.926572126;192.1712963;114.1399747;137.1655334;0.908050157;22;0.00561797752808989TRIPAL;0.697209801;207.9333333;99.1512521;180.7746615;0.906018593;9;0TRORAC;0.699880156;174.3194445;56.23637341;158.8361218;0.970106282;22.5;0.0138248847926267TUROCC;0.508747642;216.9722222;205.5155703;125.7073321;0.891934734;27;0UNK11.RIO;NA;300.4444445;3.615121685;91.29773569;0.917622577;2;0UNK4.CAM;0.812927134;234.5185185;13.8995107;92.10192423;0.958394765;13;0.0476190476190476UREBAC;0.371734872;164;149.4788;629.5152;0.853387887;4;0VACFAR;0.862116102;128.7555555;31.64597825;150.4304933;0.759092211;5;1VARCUR;0.666255477;284.2666667;2.358326119;96.52382457;0.991100693;3;0.461538461538462VITDIV;0.651594803;179.6666667;114.0644933;133.3439053;0.91290868;29;0XYLBUX;0.726887178;350.7777778;8.214176182;73.55598214;0.973770757;17;0.0217391304347826XYLSCH;0.883987791;NA;44.61266667;81.49133333;NA;8;NAZANFLA;0.86361287;331.1367521;145.9757947;71.42103239;0.874067032;9;0ZANMAR;0.566025108;212.1111111;370.8468058;242.3988413;0.842265533;33;0ZANMON;0.793975622;207.9333333;22.0499657;141.8967295;0.957734281;6;0ZIZRET;0.953860843;414.5;14.27027782;70.88891112;0.967300893;NA;NA